{
	"cmake" : 
	{
		"generator" : 
		{
			"multiConfig" : false,
			"name" : "Ninja"
		},
		"paths" : 
		{
			"cmake" : "C:/Users/senie/.mcuxpressotools/cmake-3.28.1-windows-x86_64/bin/cmake.exe",
			"cpack" : "C:/Users/senie/.mcuxpressotools/cmake-3.28.1-windows-x86_64/bin/cpack.exe",
			"ctest" : "C:/Users/senie/.mcuxpressotools/cmake-3.28.1-windows-x86_64/bin/ctest.exe",
			"root" : "C:/Users/senie/.mcuxpressotools/cmake-3.28.1-windows-x86_64/share/cmake-3.28"
		},
		"version" : 
		{
			"isDirty" : false,
			"major" : 3,
			"minor" : 28,
			"patch" : 1,
			"string" : "3.28.1",
			"suffix" : ""
		}
	},
	"objects" : 
	[
		{
			"jsonFile" : "codemodel-v2-8477fb05e1490a20b31a.json",
			"kind" : "codemodel",
			"version" : 
			{
				"major" : 2,
				"minor" : 6
			}
		},
		{
			"jsonFile" : "cache-v2-3ee9c31fe0bbd23b5888.json",
			"kind" : "cache",
			"version" : 
			{
				"major" : 2,
				"minor" : 0
			}
		},
		{
			"jsonFile" : "cmakeFiles-v1-ca9ea0bb1c18edf0ea6e.json",
			"kind" : "cmakeFiles",
			"version" : 
			{
				"major" : 1,
				"minor" : 0
			}
		},
		{
			"jsonFile" : "toolchains-v1-0a6576995c6c7b3ea279.json",
			"kind" : "toolchains",
			"version" : 
			{
				"major" : 1,
				"minor" : 0
			}
		}
	],
	"reply" : 
	{
		"client-vscode" : 
		{
			"query.json" : 
			{
				"requests" : 
				[
					{
						"kind" : "cache",
						"version" : 2
					},
					{
						"kind" : "codemodel",
						"version" : 2
					},
					{
						"kind" : "toolchains",
						"version" : 1
					},
					{
						"kind" : "cmakeFiles",
						"version" : 1
					}
				],
				"responses" : 
				[
					{
						"jsonFile" : "cache-v2-3ee9c31fe0bbd23b5888.json",
						"kind" : "cache",
						"version" : 
						{
							"major" : 2,
							"minor" : 0
						}
					},
					{
						"jsonFile" : "codemodel-v2-8477fb05e1490a20b31a.json",
						"kind" : "codemodel",
						"version" : 
						{
							"major" : 2,
							"minor" : 6
						}
					},
					{
						"jsonFile" : "toolchains-v1-0a6576995c6c7b3ea279.json",
						"kind" : "toolchains",
						"version" : 
						{
							"major" : 1,
							"minor" : 0
						}
					},
					{
						"jsonFile" : "cmakeFiles-v1-ca9ea0bb1c18edf0ea6e.json",
						"kind" : "cmakeFiles",
						"version" : 
						{
							"major" : 1,
							"minor" : 0
						}
					}
				]
			}
		}
	}
}
