{
  "version": 7,
  "cmakeMinimumRequired": {
    "major": 3
  },
  "configurePresets": [
    {
      "name": "debug-env",
      "displayName": "debug-env",
      "hidden": true,
      "environment": {
        "ARMGCC_DIR": "C:/Users/senie/.mcuxpressotools/arm-gnu-toolchain-12.3.rel1-mingw-w64-i686-arm-none-eabi",
        "SdkRootDirPath": "c:/MCUXpresso",
        "POSTPROCESS_UTILITY": "C:/Users/senie/.mcuxpressotools/mcux-fixelf/mcux-fixelf.exe",
        "MCUX_VENV_PATH": "C:/Users/senie/.mcuxpressotools/.venv/Scripts",
        "PATH": "$env{MCUX_VENV_PATH};$penv{PATH}"
      }
    },
    {
      "name": "release-env",
      "displayName": "release-env",
      "hidden": true,
      "environment": {
        "ARMGCC_DIR": "C:/Users/senie/.mcuxpressotools/arm-gnu-toolchain-12.3.rel1-mingw-w64-i686-arm-none-eabi",
        "SdkRootDirPath": "c:/MCUXpresso",
        "POSTPROCESS_UTILITY": "C:/Users/senie/.mcuxpressotools/mcux-fixelf/mcux-fixelf.exe"
      }
    }
  ],
  "buildPresets": []
}