{
	"kind" : "toolchains",
	"toolchains" : 
	[
		{
			"compiler" : 
			{
				"id" : "GNU",
				"implicit" : {},
				"path" : "C:/Users/senie/.mcuxpressotools/arm-gnu-toolchain-12.3.rel1-mingw-w64-i686-arm-none-eabi/bin/arm-none-eabi-gcc.exe",
				"version" : ""
			},
			"language" : "ASM",
			"sourceFileExtensions" : 
			[
				"s",
				"S",
				"asm"
			]
		},
		{
			"compiler" : 
			{
				"id" : "GNU",
				"implicit" : 
				{
					"includeDirectories" : [],
					"linkDirectories" : [],
					"linkFrameworkDirectories" : [],
					"linkLibraries" : []
				},
				"path" : "C:/Users/senie/.mcuxpressotools/arm-gnu-toolchain-12.3.rel1-mingw-w64-i686-arm-none-eabi/bin/arm-none-eabi-gcc.exe",
				"version" : "12.3.1"
			},
			"language" : "C",
			"sourceFileExtensions" : 
			[
				"c",
				"m"
			]
		},
		{
			"compiler" : 
			{
				"id" : "GNU",
				"implicit" : 
				{
					"includeDirectories" : [],
					"linkDirectories" : [],
					"linkFrameworkDirectories" : [],
					"linkLibraries" : []
				},
				"path" : "C:/Users/senie/.mcuxpressotools/arm-gnu-toolchain-12.3.rel1-mingw-w64-i686-arm-none-eabi/bin/arm-none-eabi-g++.exe",
				"version" : "12.3.1"
			},
			"language" : "CXX",
			"sourceFileExtensions" : 
			[
				"C",
				"M",
				"c++",
				"cc",
				"cpp",
				"cxx",
				"mm",
				"mpp",
				"CPP",
				"ixx",
				"cppm",
				"ccm",
				"cxxm",
				"c++m"
			]
		}
	],
	"version" : 
	{
		"major" : 1,
		"minor" : 0
	}
}
