{
	"inputs" : 
	[
		{
			"path" : "CMakeLists.txt"
		},
		{
			"isCMake" : true,
			"isExternal" : true,
			"path" : "C:/Users/senie/.mcuxpressotools/cmake-3.28.1-windows-x86_64/share/cmake-3.28/Modules/CMakeDetermineSystem.cmake"
		},
		{
			"isExternal" : true,
			"path" : "C:/MCUXpresso/core/tools/cmake_toolchain_files/armgcc.cmake"
		},
		{
			"isExternal" : true,
			"path" : "C:/MCUXpresso/core/tools/cmake_toolchain_files/mcux_config.cmake"
		},
		{
			"isCMake" : true,
			"isExternal" : true,
			"path" : "C:/Users/senie/.mcuxpressotools/cmake-3.28.1-windows-x86_64/share/cmake-3.28/Modules/CMakeSystem.cmake.in"
		},
		{
			"isGenerated" : true,
			"path" : "debug/CMakeFiles/3.28.1/CMakeSystem.cmake"
		},
		{
			"isExternal" : true,
			"path" : "C:/MCUXpresso/core/tools/cmake_toolchain_files/armgcc.cmake"
		},
		{
			"isExternal" : true,
			"path" : "C:/MCUXpresso/core/tools/cmake_toolchain_files/mcux_config.cmake"
		},
		{
			"isCMake" : true,
			"isExternal" : true,
			"path" : "C:/Users/senie/.mcuxpressotools/cmake-3.28.1-windows-x86_64/share/cmake-3.28/Modules/CMakeNinjaFindMake.cmake"
		},
		{
			"isCMake" : true,
			"isExternal" : true,
			"path" : "C:/Users/senie/.mcuxpressotools/cmake-3.28.1-windows-x86_64/share/cmake-3.28/Modules/CMakeSystemSpecificInitialize.cmake"
		},
		{
			"isCMake" : true,
			"isExternal" : true,
			"path" : "C:/Users/senie/.mcuxpressotools/cmake-3.28.1-windows-x86_64/share/cmake-3.28/Modules/CMakeDetermineASMCompiler.cmake"
		},
		{
			"isCMake" : true,
			"isExternal" : true,
			"path" : "C:/Users/senie/.mcuxpressotools/cmake-3.28.1-windows-x86_64/share/cmake-3.28/Modules/CMakeDetermineCompiler.cmake"
		},
		{
			"isCMake" : true,
			"isExternal" : true,
			"path" : "C:/Users/senie/.mcuxpressotools/cmake-3.28.1-windows-x86_64/share/cmake-3.28/Modules/CMakeDetermineCompilerId.cmake"
		},
		{
			"isCMake" : true,
			"isExternal" : true,
			"path" : "C:/Users/senie/.mcuxpressotools/cmake-3.28.1-windows-x86_64/share/cmake-3.28/Modules/CMakeCompilerIdDetection.cmake"
		},
		{
			"isCMake" : true,
			"isExternal" : true,
			"path" : "C:/Users/senie/.mcuxpressotools/cmake-3.28.1-windows-x86_64/share/cmake-3.28/Modules/CMakeFindBinUtils.cmake"
		},
		{
			"isCMake" : true,
			"isExternal" : true,
			"path" : "C:/Users/senie/.mcuxpressotools/cmake-3.28.1-windows-x86_64/share/cmake-3.28/Modules/Compiler/GNU-FindBinUtils.cmake"
		},
		{
			"isCMake" : true,
			"isExternal" : true,
			"path" : "C:/Users/senie/.mcuxpressotools/cmake-3.28.1-windows-x86_64/share/cmake-3.28/Modules/CMakeASMCompiler.cmake.in"
		},
		{
			"isGenerated" : true,
			"path" : "debug/CMakeFiles/3.28.1/CMakeASMCompiler.cmake"
		},
		{
			"isCMake" : true,
			"isExternal" : true,
			"path" : "C:/Users/senie/.mcuxpressotools/cmake-3.28.1-windows-x86_64/share/cmake-3.28/Modules/CMakeSystemSpecificInformation.cmake"
		},
		{
			"isCMake" : true,
			"isExternal" : true,
			"path" : "C:/Users/senie/.mcuxpressotools/cmake-3.28.1-windows-x86_64/share/cmake-3.28/Modules/CMakeGenericSystem.cmake"
		},
		{
			"isCMake" : true,
			"isExternal" : true,
			"path" : "C:/Users/senie/.mcuxpressotools/cmake-3.28.1-windows-x86_64/share/cmake-3.28/Modules/CMakeInitializeConfigs.cmake"
		},
		{
			"isCMake" : true,
			"isExternal" : true,
			"path" : "C:/Users/senie/.mcuxpressotools/cmake-3.28.1-windows-x86_64/share/cmake-3.28/Modules/Platform/Generic.cmake"
		},
		{
			"isCMake" : true,
			"isExternal" : true,
			"path" : "C:/Users/senie/.mcuxpressotools/cmake-3.28.1-windows-x86_64/share/cmake-3.28/Modules/CMakeASMInformation.cmake"
		},
		{
			"isCMake" : true,
			"isExternal" : true,
			"path" : "C:/Users/senie/.mcuxpressotools/cmake-3.28.1-windows-x86_64/share/cmake-3.28/Modules/Compiler/GNU-ASM.cmake"
		},
		{
			"isCMake" : true,
			"isExternal" : true,
			"path" : "C:/Users/senie/.mcuxpressotools/cmake-3.28.1-windows-x86_64/share/cmake-3.28/Modules/Compiler/GNU.cmake"
		},
		{
			"isCMake" : true,
			"isExternal" : true,
			"path" : "C:/Users/senie/.mcuxpressotools/cmake-3.28.1-windows-x86_64/share/cmake-3.28/Modules/Compiler/CMakeCommonCompilerMacros.cmake"
		},
		{
			"isCMake" : true,
			"isExternal" : true,
			"path" : "C:/Users/senie/.mcuxpressotools/cmake-3.28.1-windows-x86_64/share/cmake-3.28/Modules/CMakeTestASMCompiler.cmake"
		},
		{
			"isCMake" : true,
			"isExternal" : true,
			"path" : "C:/Users/senie/.mcuxpressotools/cmake-3.28.1-windows-x86_64/share/cmake-3.28/Modules/CMakeDetermineCCompiler.cmake"
		},
		{
			"isCMake" : true,
			"isExternal" : true,
			"path" : "C:/Users/senie/.mcuxpressotools/cmake-3.28.1-windows-x86_64/share/cmake-3.28/Modules/CMakeDetermineCompiler.cmake"
		},
		{
			"isCMake" : true,
			"isExternal" : true,
			"path" : "C:/Users/senie/.mcuxpressotools/cmake-3.28.1-windows-x86_64/share/cmake-3.28/Modules/CMakeDetermineCompilerId.cmake"
		},
		{
			"isCMake" : true,
			"isExternal" : true,
			"path" : "C:/Users/senie/.mcuxpressotools/cmake-3.28.1-windows-x86_64/share/cmake-3.28/Modules/CMakeCompilerIdDetection.cmake"
		},
		{
			"isCMake" : true,
			"isExternal" : true,
			"path" : "C:/Users/senie/.mcuxpressotools/cmake-3.28.1-windows-x86_64/share/cmake-3.28/Modules/Compiler/ADSP-DetermineCompiler.cmake"
		},
		{
			"isCMake" : true,
			"isExternal" : true,
			"path" : "C:/Users/senie/.mcuxpressotools/cmake-3.28.1-windows-x86_64/share/cmake-3.28/Modules/Compiler/ARMCC-DetermineCompiler.cmake"
		},
		{
			"isCMake" : true,
			"isExternal" : true,
			"path" : "C:/Users/senie/.mcuxpressotools/cmake-3.28.1-windows-x86_64/share/cmake-3.28/Modules/Compiler/ARMClang-DetermineCompiler.cmake"
		},
		{
			"isCMake" : true,
			"isExternal" : true,
			"path" : "C:/Users/senie/.mcuxpressotools/cmake-3.28.1-windows-x86_64/share/cmake-3.28/Modules/Compiler/AppleClang-DetermineCompiler.cmake"
		},
		{
			"isCMake" : true,
			"isExternal" : true,
			"path" : "C:/Users/senie/.mcuxpressotools/cmake-3.28.1-windows-x86_64/share/cmake-3.28/Modules/Compiler/Clang-DetermineCompilerInternal.cmake"
		},
		{
			"isCMake" : true,
			"isExternal" : true,
			"path" : "C:/Users/senie/.mcuxpressotools/cmake-3.28.1-windows-x86_64/share/cmake-3.28/Modules/Compiler/Borland-DetermineCompiler.cmake"
		},
		{
			"isCMake" : true,
			"isExternal" : true,
			"path" : "C:/Users/senie/.mcuxpressotools/cmake-3.28.1-windows-x86_64/share/cmake-3.28/Modules/Compiler/Bruce-C-DetermineCompiler.cmake"
		},
		{
			"isCMake" : true,
			"isExternal" : true,
			"path" : "C:/Users/senie/.mcuxpressotools/cmake-3.28.1-windows-x86_64/share/cmake-3.28/Modules/Compiler/Clang-DetermineCompiler.cmake"
		},
		{
			"isCMake" : true,
			"isExternal" : true,
			"path" : "C:/Users/senie/.mcuxpressotools/cmake-3.28.1-windows-x86_64/share/cmake-3.28/Modules/Compiler/Clang-DetermineCompilerInternal.cmake"
		},
		{
			"isCMake" : true,
			"isExternal" : true,
			"path" : "C:/Users/senie/.mcuxpressotools/cmake-3.28.1-windows-x86_64/share/cmake-3.28/Modules/Compiler/Compaq-C-DetermineCompiler.cmake"
		},
		{
			"isCMake" : true,
			"isExternal" : true,
			"path" : "C:/Users/senie/.mcuxpressotools/cmake-3.28.1-windows-x86_64/share/cmake-3.28/Modules/Compiler/Cray-DetermineCompiler.cmake"
		},
		{
			"isCMake" : true,
			"isExternal" : true,
			"path" : "C:/Users/senie/.mcuxpressotools/cmake-3.28.1-windows-x86_64/share/cmake-3.28/Modules/Compiler/CrayClang-DetermineCompiler.cmake"
		},
		{
			"isCMake" : true,
			"isExternal" : true,
			"path" : "C:/Users/senie/.mcuxpressotools/cmake-3.28.1-windows-x86_64/share/cmake-3.28/Modules/Compiler/Embarcadero-DetermineCompiler.cmake"
		},
		{
			"isCMake" : true,
			"isExternal" : true,
			"path" : "C:/Users/senie/.mcuxpressotools/cmake-3.28.1-windows-x86_64/share/cmake-3.28/Modules/Compiler/Fujitsu-DetermineCompiler.cmake"
		},
		{
			"isCMake" : true,
			"isExternal" : true,
			"path" : "C:/Users/senie/.mcuxpressotools/cmake-3.28.1-windows-x86_64/share/cmake-3.28/Modules/Compiler/FujitsuClang-DetermineCompiler.cmake"
		},
		{
			"isCMake" : true,
			"isExternal" : true,
			"path" : "C:/Users/senie/.mcuxpressotools/cmake-3.28.1-windows-x86_64/share/cmake-3.28/Modules/Compiler/GHS-DetermineCompiler.cmake"
		},
		{
			"isCMake" : true,
			"isExternal" : true,
			"path" : "C:/Users/senie/.mcuxpressotools/cmake-3.28.1-windows-x86_64/share/cmake-3.28/Modules/Compiler/GNU-C-DetermineCompiler.cmake"
		},
		{
			"isCMake" : true,
			"isExternal" : true,
			"path" : "C:/Users/senie/.mcuxpressotools/cmake-3.28.1-windows-x86_64/share/cmake-3.28/Modules/Compiler/HP-C-DetermineCompiler.cmake"
		},
		{
			"isCMake" : true,
			"isExternal" : true,
			"path" : "C:/Users/senie/.mcuxpressotools/cmake-3.28.1-windows-x86_64/share/cmake-3.28/Modules/Compiler/IAR-DetermineCompiler.cmake"
		},
		{
			"isCMake" : true,
			"isExternal" : true,
			"path" : "C:/Users/senie/.mcuxpressotools/cmake-3.28.1-windows-x86_64/share/cmake-3.28/Modules/Compiler/IBMClang-C-DetermineCompiler.cmake"
		},
		{
			"isCMake" : true,
			"isExternal" : true,
			"path" : "C:/Users/senie/.mcuxpressotools/cmake-3.28.1-windows-x86_64/share/cmake-3.28/Modules/Compiler/Intel-DetermineCompiler.cmake"
		},
		{
			"isCMake" : true,
			"isExternal" : true,
			"path" : "C:/Users/senie/.mcuxpressotools/cmake-3.28.1-windows-x86_64/share/cmake-3.28/Modules/Compiler/IntelLLVM-DetermineCompiler.cmake"
		},
		{
			"isCMake" : true,
			"isExternal" : true,
			"path" : "C:/Users/senie/.mcuxpressotools/cmake-3.28.1-windows-x86_64/share/cmake-3.28/Modules/Compiler/LCC-C-DetermineCompiler.cmake"
		},
		{
			"isCMake" : true,
			"isExternal" : true,
			"path" : "C:/Users/senie/.mcuxpressotools/cmake-3.28.1-windows-x86_64/share/cmake-3.28/Modules/Compiler/MSVC-DetermineCompiler.cmake"
		},
		{
			"isCMake" : true,
			"isExternal" : true,
			"path" : "C:/Users/senie/.mcuxpressotools/cmake-3.28.1-windows-x86_64/share/cmake-3.28/Modules/Compiler/NVHPC-DetermineCompiler.cmake"
		},
		{
			"isCMake" : true,
			"isExternal" : true,
			"path" : "C:/Users/senie/.mcuxpressotools/cmake-3.28.1-windows-x86_64/share/cmake-3.28/Modules/Compiler/NVIDIA-DetermineCompiler.cmake"
		},
		{
			"isCMake" : true,
			"isExternal" : true,
			"path" : "C:/Users/senie/.mcuxpressotools/cmake-3.28.1-windows-x86_64/share/cmake-3.28/Modules/Compiler/OpenWatcom-DetermineCompiler.cmake"
		},
		{
			"isCMake" : true,
			"isExternal" : true,
			"path" : "C:/Users/senie/.mcuxpressotools/cmake-3.28.1-windows-x86_64/share/cmake-3.28/Modules/Compiler/OrangeC-DetermineCompiler.cmake"
		},
		{
			"isCMake" : true,
			"isExternal" : true,
			"path" : "C:/Users/senie/.mcuxpressotools/cmake-3.28.1-windows-x86_64/share/cmake-3.28/Modules/Compiler/PGI-DetermineCompiler.cmake"
		},
		{
			"isCMake" : true,
			"isExternal" : true,
			"path" : "C:/Users/senie/.mcuxpressotools/cmake-3.28.1-windows-x86_64/share/cmake-3.28/Modules/Compiler/PathScale-DetermineCompiler.cmake"
		},
		{
			"isCMake" : true,
			"isExternal" : true,
			"path" : "C:/Users/senie/.mcuxpressotools/cmake-3.28.1-windows-x86_64/share/cmake-3.28/Modules/Compiler/SCO-DetermineCompiler.cmake"
		},
		{
			"isCMake" : true,
			"isExternal" : true,
			"path" : "C:/Users/senie/.mcuxpressotools/cmake-3.28.1-windows-x86_64/share/cmake-3.28/Modules/Compiler/SDCC-C-DetermineCompiler.cmake"
		},
		{
			"isCMake" : true,
			"isExternal" : true,
			"path" : "C:/Users/senie/.mcuxpressotools/cmake-3.28.1-windows-x86_64/share/cmake-3.28/Modules/Compiler/SunPro-C-DetermineCompiler.cmake"
		},
		{
			"isCMake" : true,
			"isExternal" : true,
			"path" : "C:/Users/senie/.mcuxpressotools/cmake-3.28.1-windows-x86_64/share/cmake-3.28/Modules/Compiler/TI-DetermineCompiler.cmake"
		},
		{
			"isCMake" : true,
			"isExternal" : true,
			"path" : "C:/Users/senie/.mcuxpressotools/cmake-3.28.1-windows-x86_64/share/cmake-3.28/Modules/Compiler/Tasking-DetermineCompiler.cmake"
		},
		{
			"isCMake" : true,
			"isExternal" : true,
			"path" : "C:/Users/senie/.mcuxpressotools/cmake-3.28.1-windows-x86_64/share/cmake-3.28/Modules/Compiler/TinyCC-C-DetermineCompiler.cmake"
		},
		{
			"isCMake" : true,
			"isExternal" : true,
			"path" : "C:/Users/senie/.mcuxpressotools/cmake-3.28.1-windows-x86_64/share/cmake-3.28/Modules/Compiler/VisualAge-C-DetermineCompiler.cmake"
		},
		{
			"isCMake" : true,
			"isExternal" : true,
			"path" : "C:/Users/senie/.mcuxpressotools/cmake-3.28.1-windows-x86_64/share/cmake-3.28/Modules/Compiler/IBMCPP-C-DetermineVersionInternal.cmake"
		},
		{
			"isCMake" : true,
			"isExternal" : true,
			"path" : "C:/Users/senie/.mcuxpressotools/cmake-3.28.1-windows-x86_64/share/cmake-3.28/Modules/Compiler/Watcom-DetermineCompiler.cmake"
		},
		{
			"isCMake" : true,
			"isExternal" : true,
			"path" : "C:/Users/senie/.mcuxpressotools/cmake-3.28.1-windows-x86_64/share/cmake-3.28/Modules/Compiler/XL-C-DetermineCompiler.cmake"
		},
		{
			"isCMake" : true,
			"isExternal" : true,
			"path" : "C:/Users/senie/.mcuxpressotools/cmake-3.28.1-windows-x86_64/share/cmake-3.28/Modules/Compiler/IBMCPP-C-DetermineVersionInternal.cmake"
		},
		{
			"isCMake" : true,
			"isExternal" : true,
			"path" : "C:/Users/senie/.mcuxpressotools/cmake-3.28.1-windows-x86_64/share/cmake-3.28/Modules/Compiler/XLClang-C-DetermineCompiler.cmake"
		},
		{
			"isCMake" : true,
			"isExternal" : true,
			"path" : "C:/Users/senie/.mcuxpressotools/cmake-3.28.1-windows-x86_64/share/cmake-3.28/Modules/Compiler/zOS-C-DetermineCompiler.cmake"
		},
		{
			"isCMake" : true,
			"isExternal" : true,
			"path" : "C:/Users/senie/.mcuxpressotools/cmake-3.28.1-windows-x86_64/share/cmake-3.28/Modules/Compiler/IBMCPP-C-DetermineVersionInternal.cmake"
		},
		{
			"isCMake" : true,
			"isExternal" : true,
			"path" : "C:/Users/senie/.mcuxpressotools/cmake-3.28.1-windows-x86_64/share/cmake-3.28/Modules/Compiler/ADSP-DetermineCompiler.cmake"
		},
		{
			"isCMake" : true,
			"isExternal" : true,
			"path" : "C:/Users/senie/.mcuxpressotools/cmake-3.28.1-windows-x86_64/share/cmake-3.28/Modules/Compiler/ARMCC-DetermineCompiler.cmake"
		},
		{
			"isCMake" : true,
			"isExternal" : true,
			"path" : "C:/Users/senie/.mcuxpressotools/cmake-3.28.1-windows-x86_64/share/cmake-3.28/Modules/Compiler/ARMClang-DetermineCompiler.cmake"
		},
		{
			"isCMake" : true,
			"isExternal" : true,
			"path" : "C:/Users/senie/.mcuxpressotools/cmake-3.28.1-windows-x86_64/share/cmake-3.28/Modules/Compiler/AppleClang-DetermineCompiler.cmake"
		},
		{
			"isCMake" : true,
			"isExternal" : true,
			"path" : "C:/Users/senie/.mcuxpressotools/cmake-3.28.1-windows-x86_64/share/cmake-3.28/Modules/Compiler/Clang-DetermineCompilerInternal.cmake"
		},
		{
			"isCMake" : true,
			"isExternal" : true,
			"path" : "C:/Users/senie/.mcuxpressotools/cmake-3.28.1-windows-x86_64/share/cmake-3.28/Modules/Compiler/Borland-DetermineCompiler.cmake"
		},
		{
			"isCMake" : true,
			"isExternal" : true,
			"path" : "C:/Users/senie/.mcuxpressotools/cmake-3.28.1-windows-x86_64/share/cmake-3.28/Modules/Compiler/Bruce-C-DetermineCompiler.cmake"
		},
		{
			"isCMake" : true,
			"isExternal" : true,
			"path" : "C:/Users/senie/.mcuxpressotools/cmake-3.28.1-windows-x86_64/share/cmake-3.28/Modules/Compiler/Clang-DetermineCompiler.cmake"
		},
		{
			"isCMake" : true,
			"isExternal" : true,
			"path" : "C:/Users/senie/.mcuxpressotools/cmake-3.28.1-windows-x86_64/share/cmake-3.28/Modules/Compiler/Clang-DetermineCompilerInternal.cmake"
		},
		{
			"isCMake" : true,
			"isExternal" : true,
			"path" : "C:/Users/senie/.mcuxpressotools/cmake-3.28.1-windows-x86_64/share/cmake-3.28/Modules/Compiler/Compaq-C-DetermineCompiler.cmake"
		},
		{
			"isCMake" : true,
			"isExternal" : true,
			"path" : "C:/Users/senie/.mcuxpressotools/cmake-3.28.1-windows-x86_64/share/cmake-3.28/Modules/Compiler/Cray-DetermineCompiler.cmake"
		},
		{
			"isCMake" : true,
			"isExternal" : true,
			"path" : "C:/Users/senie/.mcuxpressotools/cmake-3.28.1-windows-x86_64/share/cmake-3.28/Modules/Compiler/CrayClang-DetermineCompiler.cmake"
		},
		{
			"isCMake" : true,
			"isExternal" : true,
			"path" : "C:/Users/senie/.mcuxpressotools/cmake-3.28.1-windows-x86_64/share/cmake-3.28/Modules/Compiler/Embarcadero-DetermineCompiler.cmake"
		},
		{
			"isCMake" : true,
			"isExternal" : true,
			"path" : "C:/Users/senie/.mcuxpressotools/cmake-3.28.1-windows-x86_64/share/cmake-3.28/Modules/Compiler/Fujitsu-DetermineCompiler.cmake"
		},
		{
			"isCMake" : true,
			"isExternal" : true,
			"path" : "C:/Users/senie/.mcuxpressotools/cmake-3.28.1-windows-x86_64/share/cmake-3.28/Modules/Compiler/FujitsuClang-DetermineCompiler.cmake"
		},
		{
			"isCMake" : true,
			"isExternal" : true,
			"path" : "C:/Users/senie/.mcuxpressotools/cmake-3.28.1-windows-x86_64/share/cmake-3.28/Modules/Compiler/GHS-DetermineCompiler.cmake"
		},
		{
			"isCMake" : true,
			"isExternal" : true,
			"path" : "C:/Users/senie/.mcuxpressotools/cmake-3.28.1-windows-x86_64/share/cmake-3.28/Modules/Compiler/GNU-C-DetermineCompiler.cmake"
		},
		{
			"isCMake" : true,
			"isExternal" : true,
			"path" : "C:/Users/senie/.mcuxpressotools/cmake-3.28.1-windows-x86_64/share/cmake-3.28/Modules/Compiler/HP-C-DetermineCompiler.cmake"
		},
		{
			"isCMake" : true,
			"isExternal" : true,
			"path" : "C:/Users/senie/.mcuxpressotools/cmake-3.28.1-windows-x86_64/share/cmake-3.28/Modules/Compiler/IAR-DetermineCompiler.cmake"
		},
		{
			"isCMake" : true,
			"isExternal" : true,
			"path" : "C:/Users/senie/.mcuxpressotools/cmake-3.28.1-windows-x86_64/share/cmake-3.28/Modules/Compiler/IBMClang-C-DetermineCompiler.cmake"
		},
		{
			"isCMake" : true,
			"isExternal" : true,
			"path" : "C:/Users/senie/.mcuxpressotools/cmake-3.28.1-windows-x86_64/share/cmake-3.28/Modules/Compiler/Intel-DetermineCompiler.cmake"
		},
		{
			"isCMake" : true,
			"isExternal" : true,
			"path" : "C:/Users/senie/.mcuxpressotools/cmake-3.28.1-windows-x86_64/share/cmake-3.28/Modules/Compiler/IntelLLVM-DetermineCompiler.cmake"
		},
		{
			"isCMake" : true,
			"isExternal" : true,
			"path" : "C:/Users/senie/.mcuxpressotools/cmake-3.28.1-windows-x86_64/share/cmake-3.28/Modules/Compiler/LCC-C-DetermineCompiler.cmake"
		},
		{
			"isCMake" : true,
			"isExternal" : true,
			"path" : "C:/Users/senie/.mcuxpressotools/cmake-3.28.1-windows-x86_64/share/cmake-3.28/Modules/Compiler/MSVC-DetermineCompiler.cmake"
		},
		{
			"isCMake" : true,
			"isExternal" : true,
			"path" : "C:/Users/senie/.mcuxpressotools/cmake-3.28.1-windows-x86_64/share/cmake-3.28/Modules/Compiler/NVHPC-DetermineCompiler.cmake"
		},
		{
			"isCMake" : true,
			"isExternal" : true,
			"path" : "C:/Users/senie/.mcuxpressotools/cmake-3.28.1-windows-x86_64/share/cmake-3.28/Modules/Compiler/NVIDIA-DetermineCompiler.cmake"
		},
		{
			"isCMake" : true,
			"isExternal" : true,
			"path" : "C:/Users/senie/.mcuxpressotools/cmake-3.28.1-windows-x86_64/share/cmake-3.28/Modules/Compiler/OpenWatcom-DetermineCompiler.cmake"
		},
		{
			"isCMake" : true,
			"isExternal" : true,
			"path" : "C:/Users/senie/.mcuxpressotools/cmake-3.28.1-windows-x86_64/share/cmake-3.28/Modules/Compiler/OrangeC-DetermineCompiler.cmake"
		},
		{
			"isCMake" : true,
			"isExternal" : true,
			"path" : "C:/Users/senie/.mcuxpressotools/cmake-3.28.1-windows-x86_64/share/cmake-3.28/Modules/Compiler/PGI-DetermineCompiler.cmake"
		},
		{
			"isCMake" : true,
			"isExternal" : true,
			"path" : "C:/Users/senie/.mcuxpressotools/cmake-3.28.1-windows-x86_64/share/cmake-3.28/Modules/Compiler/PathScale-DetermineCompiler.cmake"
		},
		{
			"isCMake" : true,
			"isExternal" : true,
			"path" : "C:/Users/senie/.mcuxpressotools/cmake-3.28.1-windows-x86_64/share/cmake-3.28/Modules/Compiler/SCO-DetermineCompiler.cmake"
		},
		{
			"isCMake" : true,
			"isExternal" : true,
			"path" : "C:/Users/senie/.mcuxpressotools/cmake-3.28.1-windows-x86_64/share/cmake-3.28/Modules/Compiler/SDCC-C-DetermineCompiler.cmake"
		},
		{
			"isCMake" : true,
			"isExternal" : true,
			"path" : "C:/Users/senie/.mcuxpressotools/cmake-3.28.1-windows-x86_64/share/cmake-3.28/Modules/Compiler/SunPro-C-DetermineCompiler.cmake"
		},
		{
			"isCMake" : true,
			"isExternal" : true,
			"path" : "C:/Users/senie/.mcuxpressotools/cmake-3.28.1-windows-x86_64/share/cmake-3.28/Modules/Compiler/TI-DetermineCompiler.cmake"
		},
		{
			"isCMake" : true,
			"isExternal" : true,
			"path" : "C:/Users/senie/.mcuxpressotools/cmake-3.28.1-windows-x86_64/share/cmake-3.28/Modules/Compiler/Tasking-DetermineCompiler.cmake"
		},
		{
			"isCMake" : true,
			"isExternal" : true,
			"path" : "C:/Users/senie/.mcuxpressotools/cmake-3.28.1-windows-x86_64/share/cmake-3.28/Modules/Compiler/TinyCC-C-DetermineCompiler.cmake"
		},
		{
			"isCMake" : true,
			"isExternal" : true,
			"path" : "C:/Users/senie/.mcuxpressotools/cmake-3.28.1-windows-x86_64/share/cmake-3.28/Modules/Compiler/VisualAge-C-DetermineCompiler.cmake"
		},
		{
			"isCMake" : true,
			"isExternal" : true,
			"path" : "C:/Users/senie/.mcuxpressotools/cmake-3.28.1-windows-x86_64/share/cmake-3.28/Modules/Compiler/IBMCPP-C-DetermineVersionInternal.cmake"
		},
		{
			"isCMake" : true,
			"isExternal" : true,
			"path" : "C:/Users/senie/.mcuxpressotools/cmake-3.28.1-windows-x86_64/share/cmake-3.28/Modules/Compiler/Watcom-DetermineCompiler.cmake"
		},
		{
			"isCMake" : true,
			"isExternal" : true,
			"path" : "C:/Users/senie/.mcuxpressotools/cmake-3.28.1-windows-x86_64/share/cmake-3.28/Modules/Compiler/XL-C-DetermineCompiler.cmake"
		},
		{
			"isCMake" : true,
			"isExternal" : true,
			"path" : "C:/Users/senie/.mcuxpressotools/cmake-3.28.1-windows-x86_64/share/cmake-3.28/Modules/Compiler/IBMCPP-C-DetermineVersionInternal.cmake"
		},
		{
			"isCMake" : true,
			"isExternal" : true,
			"path" : "C:/Users/senie/.mcuxpressotools/cmake-3.28.1-windows-x86_64/share/cmake-3.28/Modules/Compiler/XLClang-C-DetermineCompiler.cmake"
		},
		{
			"isCMake" : true,
			"isExternal" : true,
			"path" : "C:/Users/senie/.mcuxpressotools/cmake-3.28.1-windows-x86_64/share/cmake-3.28/Modules/Compiler/zOS-C-DetermineCompiler.cmake"
		},
		{
			"isCMake" : true,
			"isExternal" : true,
			"path" : "C:/Users/senie/.mcuxpressotools/cmake-3.28.1-windows-x86_64/share/cmake-3.28/Modules/Compiler/IBMCPP-C-DetermineVersionInternal.cmake"
		},
		{
			"isCMake" : true,
			"isExternal" : true,
			"path" : "C:/Users/senie/.mcuxpressotools/cmake-3.28.1-windows-x86_64/share/cmake-3.28/Modules/CMakeFindBinUtils.cmake"
		},
		{
			"isCMake" : true,
			"isExternal" : true,
			"path" : "C:/Users/senie/.mcuxpressotools/cmake-3.28.1-windows-x86_64/share/cmake-3.28/Modules/Compiler/GNU-FindBinUtils.cmake"
		},
		{
			"isCMake" : true,
			"isExternal" : true,
			"path" : "C:/Users/senie/.mcuxpressotools/cmake-3.28.1-windows-x86_64/share/cmake-3.28/Modules/CMakeCCompiler.cmake.in"
		},
		{
			"isGenerated" : true,
			"path" : "debug/CMakeFiles/3.28.1/CMakeCCompiler.cmake"
		},
		{
			"isCMake" : true,
			"isExternal" : true,
			"path" : "C:/Users/senie/.mcuxpressotools/cmake-3.28.1-windows-x86_64/share/cmake-3.28/Modules/CMakeDetermineCXXCompiler.cmake"
		},
		{
			"isCMake" : true,
			"isExternal" : true,
			"path" : "C:/Users/senie/.mcuxpressotools/cmake-3.28.1-windows-x86_64/share/cmake-3.28/Modules/CMakeDetermineCompiler.cmake"
		},
		{
			"isCMake" : true,
			"isExternal" : true,
			"path" : "C:/Users/senie/.mcuxpressotools/cmake-3.28.1-windows-x86_64/share/cmake-3.28/Modules/CMakeDetermineCompilerId.cmake"
		},
		{
			"isCMake" : true,
			"isExternal" : true,
			"path" : "C:/Users/senie/.mcuxpressotools/cmake-3.28.1-windows-x86_64/share/cmake-3.28/Modules/CMakeCompilerIdDetection.cmake"
		},
		{
			"isCMake" : true,
			"isExternal" : true,
			"path" : "C:/Users/senie/.mcuxpressotools/cmake-3.28.1-windows-x86_64/share/cmake-3.28/Modules/Compiler/ADSP-DetermineCompiler.cmake"
		},
		{
			"isCMake" : true,
			"isExternal" : true,
			"path" : "C:/Users/senie/.mcuxpressotools/cmake-3.28.1-windows-x86_64/share/cmake-3.28/Modules/Compiler/ARMCC-DetermineCompiler.cmake"
		},
		{
			"isCMake" : true,
			"isExternal" : true,
			"path" : "C:/Users/senie/.mcuxpressotools/cmake-3.28.1-windows-x86_64/share/cmake-3.28/Modules/Compiler/ARMClang-DetermineCompiler.cmake"
		},
		{
			"isCMake" : true,
			"isExternal" : true,
			"path" : "C:/Users/senie/.mcuxpressotools/cmake-3.28.1-windows-x86_64/share/cmake-3.28/Modules/Compiler/AppleClang-DetermineCompiler.cmake"
		},
		{
			"isCMake" : true,
			"isExternal" : true,
			"path" : "C:/Users/senie/.mcuxpressotools/cmake-3.28.1-windows-x86_64/share/cmake-3.28/Modules/Compiler/Clang-DetermineCompilerInternal.cmake"
		},
		{
			"isCMake" : true,
			"isExternal" : true,
			"path" : "C:/Users/senie/.mcuxpressotools/cmake-3.28.1-windows-x86_64/share/cmake-3.28/Modules/Compiler/Borland-DetermineCompiler.cmake"
		},
		{
			"isCMake" : true,
			"isExternal" : true,
			"path" : "C:/Users/senie/.mcuxpressotools/cmake-3.28.1-windows-x86_64/share/cmake-3.28/Modules/Compiler/Clang-DetermineCompiler.cmake"
		},
		{
			"isCMake" : true,
			"isExternal" : true,
			"path" : "C:/Users/senie/.mcuxpressotools/cmake-3.28.1-windows-x86_64/share/cmake-3.28/Modules/Compiler/Clang-DetermineCompilerInternal.cmake"
		},
		{
			"isCMake" : true,
			"isExternal" : true,
			"path" : "C:/Users/senie/.mcuxpressotools/cmake-3.28.1-windows-x86_64/share/cmake-3.28/Modules/Compiler/Comeau-CXX-DetermineCompiler.cmake"
		},
		{
			"isCMake" : true,
			"isExternal" : true,
			"path" : "C:/Users/senie/.mcuxpressotools/cmake-3.28.1-windows-x86_64/share/cmake-3.28/Modules/Compiler/Compaq-CXX-DetermineCompiler.cmake"
		},
		{
			"isCMake" : true,
			"isExternal" : true,
			"path" : "C:/Users/senie/.mcuxpressotools/cmake-3.28.1-windows-x86_64/share/cmake-3.28/Modules/Compiler/Cray-DetermineCompiler.cmake"
		},
		{
			"isCMake" : true,
			"isExternal" : true,
			"path" : "C:/Users/senie/.mcuxpressotools/cmake-3.28.1-windows-x86_64/share/cmake-3.28/Modules/Compiler/CrayClang-DetermineCompiler.cmake"
		},
		{
			"isCMake" : true,
			"isExternal" : true,
			"path" : "C:/Users/senie/.mcuxpressotools/cmake-3.28.1-windows-x86_64/share/cmake-3.28/Modules/Compiler/Embarcadero-DetermineCompiler.cmake"
		},
		{
			"isCMake" : true,
			"isExternal" : true,
			"path" : "C:/Users/senie/.mcuxpressotools/cmake-3.28.1-windows-x86_64/share/cmake-3.28/Modules/Compiler/Fujitsu-DetermineCompiler.cmake"
		},
		{
			"isCMake" : true,
			"isExternal" : true,
			"path" : "C:/Users/senie/.mcuxpressotools/cmake-3.28.1-windows-x86_64/share/cmake-3.28/Modules/Compiler/FujitsuClang-DetermineCompiler.cmake"
		},
		{
			"isCMake" : true,
			"isExternal" : true,
			"path" : "C:/Users/senie/.mcuxpressotools/cmake-3.28.1-windows-x86_64/share/cmake-3.28/Modules/Compiler/GHS-DetermineCompiler.cmake"
		},
		{
			"isCMake" : true,
			"isExternal" : true,
			"path" : "C:/Users/senie/.mcuxpressotools/cmake-3.28.1-windows-x86_64/share/cmake-3.28/Modules/Compiler/GNU-CXX-DetermineCompiler.cmake"
		},
		{
			"isCMake" : true,
			"isExternal" : true,
			"path" : "C:/Users/senie/.mcuxpressotools/cmake-3.28.1-windows-x86_64/share/cmake-3.28/Modules/Compiler/HP-CXX-DetermineCompiler.cmake"
		},
		{
			"isCMake" : true,
			"isExternal" : true,
			"path" : "C:/Users/senie/.mcuxpressotools/cmake-3.28.1-windows-x86_64/share/cmake-3.28/Modules/Compiler/IAR-DetermineCompiler.cmake"
		},
		{
			"isCMake" : true,
			"isExternal" : true,
			"path" : "C:/Users/senie/.mcuxpressotools/cmake-3.28.1-windows-x86_64/share/cmake-3.28/Modules/Compiler/IBMClang-CXX-DetermineCompiler.cmake"
		},
		{
			"isCMake" : true,
			"isExternal" : true,
			"path" : "C:/Users/senie/.mcuxpressotools/cmake-3.28.1-windows-x86_64/share/cmake-3.28/Modules/Compiler/Intel-DetermineCompiler.cmake"
		},
		{
			"isCMake" : true,
			"isExternal" : true,
			"path" : "C:/Users/senie/.mcuxpressotools/cmake-3.28.1-windows-x86_64/share/cmake-3.28/Modules/Compiler/IntelLLVM-DetermineCompiler.cmake"
		},
		{
			"isCMake" : true,
			"isExternal" : true,
			"path" : "C:/Users/senie/.mcuxpressotools/cmake-3.28.1-windows-x86_64/share/cmake-3.28/Modules/Compiler/LCC-CXX-DetermineCompiler.cmake"
		},
		{
			"isCMake" : true,
			"isExternal" : true,
			"path" : "C:/Users/senie/.mcuxpressotools/cmake-3.28.1-windows-x86_64/share/cmake-3.28/Modules/Compiler/MSVC-DetermineCompiler.cmake"
		},
		{
			"isCMake" : true,
			"isExternal" : true,
			"path" : "C:/Users/senie/.mcuxpressotools/cmake-3.28.1-windows-x86_64/share/cmake-3.28/Modules/Compiler/NVHPC-DetermineCompiler.cmake"
		},
		{
			"isCMake" : true,
			"isExternal" : true,
			"path" : "C:/Users/senie/.mcuxpressotools/cmake-3.28.1-windows-x86_64/share/cmake-3.28/Modules/Compiler/NVIDIA-DetermineCompiler.cmake"
		},
		{
			"isCMake" : true,
			"isExternal" : true,
			"path" : "C:/Users/senie/.mcuxpressotools/cmake-3.28.1-windows-x86_64/share/cmake-3.28/Modules/Compiler/OpenWatcom-DetermineCompiler.cmake"
		},
		{
			"isCMake" : true,
			"isExternal" : true,
			"path" : "C:/Users/senie/.mcuxpressotools/cmake-3.28.1-windows-x86_64/share/cmake-3.28/Modules/Compiler/OrangeC-DetermineCompiler.cmake"
		},
		{
			"isCMake" : true,
			"isExternal" : true,
			"path" : "C:/Users/senie/.mcuxpressotools/cmake-3.28.1-windows-x86_64/share/cmake-3.28/Modules/Compiler/PGI-DetermineCompiler.cmake"
		},
		{
			"isCMake" : true,
			"isExternal" : true,
			"path" : "C:/Users/senie/.mcuxpressotools/cmake-3.28.1-windows-x86_64/share/cmake-3.28/Modules/Compiler/PathScale-DetermineCompiler.cmake"
		},
		{
			"isCMake" : true,
			"isExternal" : true,
			"path" : "C:/Users/senie/.mcuxpressotools/cmake-3.28.1-windows-x86_64/share/cmake-3.28/Modules/Compiler/SCO-DetermineCompiler.cmake"
		},
		{
			"isCMake" : true,
			"isExternal" : true,
			"path" : "C:/Users/senie/.mcuxpressotools/cmake-3.28.1-windows-x86_64/share/cmake-3.28/Modules/Compiler/SunPro-CXX-DetermineCompiler.cmake"
		},
		{
			"isCMake" : true,
			"isExternal" : true,
			"path" : "C:/Users/senie/.mcuxpressotools/cmake-3.28.1-windows-x86_64/share/cmake-3.28/Modules/Compiler/TI-DetermineCompiler.cmake"
		},
		{
			"isCMake" : true,
			"isExternal" : true,
			"path" : "C:/Users/senie/.mcuxpressotools/cmake-3.28.1-windows-x86_64/share/cmake-3.28/Modules/Compiler/Tasking-DetermineCompiler.cmake"
		},
		{
			"isCMake" : true,
			"isExternal" : true,
			"path" : "C:/Users/senie/.mcuxpressotools/cmake-3.28.1-windows-x86_64/share/cmake-3.28/Modules/Compiler/VisualAge-CXX-DetermineCompiler.cmake"
		},
		{
			"isCMake" : true,
			"isExternal" : true,
			"path" : "C:/Users/senie/.mcuxpressotools/cmake-3.28.1-windows-x86_64/share/cmake-3.28/Modules/Compiler/IBMCPP-CXX-DetermineVersionInternal.cmake"
		},
		{
			"isCMake" : true,
			"isExternal" : true,
			"path" : "C:/Users/senie/.mcuxpressotools/cmake-3.28.1-windows-x86_64/share/cmake-3.28/Modules/Compiler/Watcom-DetermineCompiler.cmake"
		},
		{
			"isCMake" : true,
			"isExternal" : true,
			"path" : "C:/Users/senie/.mcuxpressotools/cmake-3.28.1-windows-x86_64/share/cmake-3.28/Modules/Compiler/XL-CXX-DetermineCompiler.cmake"
		},
		{
			"isCMake" : true,
			"isExternal" : true,
			"path" : "C:/Users/senie/.mcuxpressotools/cmake-3.28.1-windows-x86_64/share/cmake-3.28/Modules/Compiler/IBMCPP-CXX-DetermineVersionInternal.cmake"
		},
		{
			"isCMake" : true,
			"isExternal" : true,
			"path" : "C:/Users/senie/.mcuxpressotools/cmake-3.28.1-windows-x86_64/share/cmake-3.28/Modules/Compiler/XLClang-CXX-DetermineCompiler.cmake"
		},
		{
			"isCMake" : true,
			"isExternal" : true,
			"path" : "C:/Users/senie/.mcuxpressotools/cmake-3.28.1-windows-x86_64/share/cmake-3.28/Modules/Compiler/zOS-CXX-DetermineCompiler.cmake"
		},
		{
			"isCMake" : true,
			"isExternal" : true,
			"path" : "C:/Users/senie/.mcuxpressotools/cmake-3.28.1-windows-x86_64/share/cmake-3.28/Modules/Compiler/IBMCPP-CXX-DetermineVersionInternal.cmake"
		},
		{
			"isCMake" : true,
			"isExternal" : true,
			"path" : "C:/Users/senie/.mcuxpressotools/cmake-3.28.1-windows-x86_64/share/cmake-3.28/Modules/Compiler/ADSP-DetermineCompiler.cmake"
		},
		{
			"isCMake" : true,
			"isExternal" : true,
			"path" : "C:/Users/senie/.mcuxpressotools/cmake-3.28.1-windows-x86_64/share/cmake-3.28/Modules/Compiler/ARMCC-DetermineCompiler.cmake"
		},
		{
			"isCMake" : true,
			"isExternal" : true,
			"path" : "C:/Users/senie/.mcuxpressotools/cmake-3.28.1-windows-x86_64/share/cmake-3.28/Modules/Compiler/ARMClang-DetermineCompiler.cmake"
		},
		{
			"isCMake" : true,
			"isExternal" : true,
			"path" : "C:/Users/senie/.mcuxpressotools/cmake-3.28.1-windows-x86_64/share/cmake-3.28/Modules/Compiler/AppleClang-DetermineCompiler.cmake"
		},
		{
			"isCMake" : true,
			"isExternal" : true,
			"path" : "C:/Users/senie/.mcuxpressotools/cmake-3.28.1-windows-x86_64/share/cmake-3.28/Modules/Compiler/Clang-DetermineCompilerInternal.cmake"
		},
		{
			"isCMake" : true,
			"isExternal" : true,
			"path" : "C:/Users/senie/.mcuxpressotools/cmake-3.28.1-windows-x86_64/share/cmake-3.28/Modules/Compiler/Borland-DetermineCompiler.cmake"
		},
		{
			"isCMake" : true,
			"isExternal" : true,
			"path" : "C:/Users/senie/.mcuxpressotools/cmake-3.28.1-windows-x86_64/share/cmake-3.28/Modules/Compiler/Clang-DetermineCompiler.cmake"
		},
		{
			"isCMake" : true,
			"isExternal" : true,
			"path" : "C:/Users/senie/.mcuxpressotools/cmake-3.28.1-windows-x86_64/share/cmake-3.28/Modules/Compiler/Clang-DetermineCompilerInternal.cmake"
		},
		{
			"isCMake" : true,
			"isExternal" : true,
			"path" : "C:/Users/senie/.mcuxpressotools/cmake-3.28.1-windows-x86_64/share/cmake-3.28/Modules/Compiler/Comeau-CXX-DetermineCompiler.cmake"
		},
		{
			"isCMake" : true,
			"isExternal" : true,
			"path" : "C:/Users/senie/.mcuxpressotools/cmake-3.28.1-windows-x86_64/share/cmake-3.28/Modules/Compiler/Compaq-CXX-DetermineCompiler.cmake"
		},
		{
			"isCMake" : true,
			"isExternal" : true,
			"path" : "C:/Users/senie/.mcuxpressotools/cmake-3.28.1-windows-x86_64/share/cmake-3.28/Modules/Compiler/Cray-DetermineCompiler.cmake"
		},
		{
			"isCMake" : true,
			"isExternal" : true,
			"path" : "C:/Users/senie/.mcuxpressotools/cmake-3.28.1-windows-x86_64/share/cmake-3.28/Modules/Compiler/CrayClang-DetermineCompiler.cmake"
		},
		{
			"isCMake" : true,
			"isExternal" : true,
			"path" : "C:/Users/senie/.mcuxpressotools/cmake-3.28.1-windows-x86_64/share/cmake-3.28/Modules/Compiler/Embarcadero-DetermineCompiler.cmake"
		},
		{
			"isCMake" : true,
			"isExternal" : true,
			"path" : "C:/Users/senie/.mcuxpressotools/cmake-3.28.1-windows-x86_64/share/cmake-3.28/Modules/Compiler/Fujitsu-DetermineCompiler.cmake"
		},
		{
			"isCMake" : true,
			"isExternal" : true,
			"path" : "C:/Users/senie/.mcuxpressotools/cmake-3.28.1-windows-x86_64/share/cmake-3.28/Modules/Compiler/FujitsuClang-DetermineCompiler.cmake"
		},
		{
			"isCMake" : true,
			"isExternal" : true,
			"path" : "C:/Users/senie/.mcuxpressotools/cmake-3.28.1-windows-x86_64/share/cmake-3.28/Modules/Compiler/GHS-DetermineCompiler.cmake"
		},
		{
			"isCMake" : true,
			"isExternal" : true,
			"path" : "C:/Users/senie/.mcuxpressotools/cmake-3.28.1-windows-x86_64/share/cmake-3.28/Modules/Compiler/GNU-CXX-DetermineCompiler.cmake"
		},
		{
			"isCMake" : true,
			"isExternal" : true,
			"path" : "C:/Users/senie/.mcuxpressotools/cmake-3.28.1-windows-x86_64/share/cmake-3.28/Modules/Compiler/HP-CXX-DetermineCompiler.cmake"
		},
		{
			"isCMake" : true,
			"isExternal" : true,
			"path" : "C:/Users/senie/.mcuxpressotools/cmake-3.28.1-windows-x86_64/share/cmake-3.28/Modules/Compiler/IAR-DetermineCompiler.cmake"
		},
		{
			"isCMake" : true,
			"isExternal" : true,
			"path" : "C:/Users/senie/.mcuxpressotools/cmake-3.28.1-windows-x86_64/share/cmake-3.28/Modules/Compiler/IBMClang-CXX-DetermineCompiler.cmake"
		},
		{
			"isCMake" : true,
			"isExternal" : true,
			"path" : "C:/Users/senie/.mcuxpressotools/cmake-3.28.1-windows-x86_64/share/cmake-3.28/Modules/Compiler/Intel-DetermineCompiler.cmake"
		},
		{
			"isCMake" : true,
			"isExternal" : true,
			"path" : "C:/Users/senie/.mcuxpressotools/cmake-3.28.1-windows-x86_64/share/cmake-3.28/Modules/Compiler/IntelLLVM-DetermineCompiler.cmake"
		},
		{
			"isCMake" : true,
			"isExternal" : true,
			"path" : "C:/Users/senie/.mcuxpressotools/cmake-3.28.1-windows-x86_64/share/cmake-3.28/Modules/Compiler/LCC-CXX-DetermineCompiler.cmake"
		},
		{
			"isCMake" : true,
			"isExternal" : true,
			"path" : "C:/Users/senie/.mcuxpressotools/cmake-3.28.1-windows-x86_64/share/cmake-3.28/Modules/Compiler/MSVC-DetermineCompiler.cmake"
		},
		{
			"isCMake" : true,
			"isExternal" : true,
			"path" : "C:/Users/senie/.mcuxpressotools/cmake-3.28.1-windows-x86_64/share/cmake-3.28/Modules/Compiler/NVHPC-DetermineCompiler.cmake"
		},
		{
			"isCMake" : true,
			"isExternal" : true,
			"path" : "C:/Users/senie/.mcuxpressotools/cmake-3.28.1-windows-x86_64/share/cmake-3.28/Modules/Compiler/NVIDIA-DetermineCompiler.cmake"
		},
		{
			"isCMake" : true,
			"isExternal" : true,
			"path" : "C:/Users/senie/.mcuxpressotools/cmake-3.28.1-windows-x86_64/share/cmake-3.28/Modules/Compiler/OpenWatcom-DetermineCompiler.cmake"
		},
		{
			"isCMake" : true,
			"isExternal" : true,
			"path" : "C:/Users/senie/.mcuxpressotools/cmake-3.28.1-windows-x86_64/share/cmake-3.28/Modules/Compiler/OrangeC-DetermineCompiler.cmake"
		},
		{
			"isCMake" : true,
			"isExternal" : true,
			"path" : "C:/Users/senie/.mcuxpressotools/cmake-3.28.1-windows-x86_64/share/cmake-3.28/Modules/Compiler/PGI-DetermineCompiler.cmake"
		},
		{
			"isCMake" : true,
			"isExternal" : true,
			"path" : "C:/Users/senie/.mcuxpressotools/cmake-3.28.1-windows-x86_64/share/cmake-3.28/Modules/Compiler/PathScale-DetermineCompiler.cmake"
		},
		{
			"isCMake" : true,
			"isExternal" : true,
			"path" : "C:/Users/senie/.mcuxpressotools/cmake-3.28.1-windows-x86_64/share/cmake-3.28/Modules/Compiler/SCO-DetermineCompiler.cmake"
		},
		{
			"isCMake" : true,
			"isExternal" : true,
			"path" : "C:/Users/senie/.mcuxpressotools/cmake-3.28.1-windows-x86_64/share/cmake-3.28/Modules/Compiler/SunPro-CXX-DetermineCompiler.cmake"
		},
		{
			"isCMake" : true,
			"isExternal" : true,
			"path" : "C:/Users/senie/.mcuxpressotools/cmake-3.28.1-windows-x86_64/share/cmake-3.28/Modules/Compiler/TI-DetermineCompiler.cmake"
		},
		{
			"isCMake" : true,
			"isExternal" : true,
			"path" : "C:/Users/senie/.mcuxpressotools/cmake-3.28.1-windows-x86_64/share/cmake-3.28/Modules/Compiler/Tasking-DetermineCompiler.cmake"
		},
		{
			"isCMake" : true,
			"isExternal" : true,
			"path" : "C:/Users/senie/.mcuxpressotools/cmake-3.28.1-windows-x86_64/share/cmake-3.28/Modules/Compiler/VisualAge-CXX-DetermineCompiler.cmake"
		},
		{
			"isCMake" : true,
			"isExternal" : true,
			"path" : "C:/Users/senie/.mcuxpressotools/cmake-3.28.1-windows-x86_64/share/cmake-3.28/Modules/Compiler/IBMCPP-CXX-DetermineVersionInternal.cmake"
		},
		{
			"isCMake" : true,
			"isExternal" : true,
			"path" : "C:/Users/senie/.mcuxpressotools/cmake-3.28.1-windows-x86_64/share/cmake-3.28/Modules/Compiler/Watcom-DetermineCompiler.cmake"
		},
		{
			"isCMake" : true,
			"isExternal" : true,
			"path" : "C:/Users/senie/.mcuxpressotools/cmake-3.28.1-windows-x86_64/share/cmake-3.28/Modules/Compiler/XL-CXX-DetermineCompiler.cmake"
		},
		{
			"isCMake" : true,
			"isExternal" : true,
			"path" : "C:/Users/senie/.mcuxpressotools/cmake-3.28.1-windows-x86_64/share/cmake-3.28/Modules/Compiler/IBMCPP-CXX-DetermineVersionInternal.cmake"
		},
		{
			"isCMake" : true,
			"isExternal" : true,
			"path" : "C:/Users/senie/.mcuxpressotools/cmake-3.28.1-windows-x86_64/share/cmake-3.28/Modules/Compiler/XLClang-CXX-DetermineCompiler.cmake"
		},
		{
			"isCMake" : true,
			"isExternal" : true,
			"path" : "C:/Users/senie/.mcuxpressotools/cmake-3.28.1-windows-x86_64/share/cmake-3.28/Modules/Compiler/zOS-CXX-DetermineCompiler.cmake"
		},
		{
			"isCMake" : true,
			"isExternal" : true,
			"path" : "C:/Users/senie/.mcuxpressotools/cmake-3.28.1-windows-x86_64/share/cmake-3.28/Modules/Compiler/IBMCPP-CXX-DetermineVersionInternal.cmake"
		},
		{
			"isCMake" : true,
			"isExternal" : true,
			"path" : "C:/Users/senie/.mcuxpressotools/cmake-3.28.1-windows-x86_64/share/cmake-3.28/Modules/CMakeFindBinUtils.cmake"
		},
		{
			"isCMake" : true,
			"isExternal" : true,
			"path" : "C:/Users/senie/.mcuxpressotools/cmake-3.28.1-windows-x86_64/share/cmake-3.28/Modules/Compiler/GNU-FindBinUtils.cmake"
		},
		{
			"isCMake" : true,
			"isExternal" : true,
			"path" : "C:/Users/senie/.mcuxpressotools/cmake-3.28.1-windows-x86_64/share/cmake-3.28/Modules/CMakeCXXCompiler.cmake.in"
		},
		{
			"isGenerated" : true,
			"path" : "debug/CMakeFiles/3.28.1/CMakeCXXCompiler.cmake"
		},
		{
			"isCMake" : true,
			"isExternal" : true,
			"path" : "C:/Users/senie/.mcuxpressotools/cmake-3.28.1-windows-x86_64/share/cmake-3.28/Modules/CMakeCInformation.cmake"
		},
		{
			"isCMake" : true,
			"isExternal" : true,
			"path" : "C:/Users/senie/.mcuxpressotools/cmake-3.28.1-windows-x86_64/share/cmake-3.28/Modules/CMakeLanguageInformation.cmake"
		},
		{
			"isCMake" : true,
			"isExternal" : true,
			"path" : "C:/Users/senie/.mcuxpressotools/cmake-3.28.1-windows-x86_64/share/cmake-3.28/Modules/Compiler/GNU-C.cmake"
		},
		{
			"isCMake" : true,
			"isExternal" : true,
			"path" : "C:/Users/senie/.mcuxpressotools/cmake-3.28.1-windows-x86_64/share/cmake-3.28/Modules/Compiler/GNU.cmake"
		},
		{
			"isCMake" : true,
			"isExternal" : true,
			"path" : "C:/Users/senie/.mcuxpressotools/cmake-3.28.1-windows-x86_64/share/cmake-3.28/Modules/Platform/Generic.cmake"
		},
		{
			"isCMake" : true,
			"isExternal" : true,
			"path" : "C:/Users/senie/.mcuxpressotools/cmake-3.28.1-windows-x86_64/share/cmake-3.28/Modules/CMakeCommonLanguageInclude.cmake"
		},
		{
			"isCMake" : true,
			"isExternal" : true,
			"path" : "C:/Users/senie/.mcuxpressotools/cmake-3.28.1-windows-x86_64/share/cmake-3.28/Modules/CMakeTestCCompiler.cmake"
		},
		{
			"isCMake" : true,
			"isExternal" : true,
			"path" : "C:/Users/senie/.mcuxpressotools/cmake-3.28.1-windows-x86_64/share/cmake-3.28/Modules/CMakeCXXInformation.cmake"
		},
		{
			"isCMake" : true,
			"isExternal" : true,
			"path" : "C:/Users/senie/.mcuxpressotools/cmake-3.28.1-windows-x86_64/share/cmake-3.28/Modules/CMakeLanguageInformation.cmake"
		},
		{
			"isCMake" : true,
			"isExternal" : true,
			"path" : "C:/Users/senie/.mcuxpressotools/cmake-3.28.1-windows-x86_64/share/cmake-3.28/Modules/Compiler/GNU-CXX.cmake"
		},
		{
			"isCMake" : true,
			"isExternal" : true,
			"path" : "C:/Users/senie/.mcuxpressotools/cmake-3.28.1-windows-x86_64/share/cmake-3.28/Modules/Compiler/GNU.cmake"
		},
		{
			"isCMake" : true,
			"isExternal" : true,
			"path" : "C:/Users/senie/.mcuxpressotools/cmake-3.28.1-windows-x86_64/share/cmake-3.28/Modules/Platform/Generic.cmake"
		},
		{
			"isCMake" : true,
			"isExternal" : true,
			"path" : "C:/Users/senie/.mcuxpressotools/cmake-3.28.1-windows-x86_64/share/cmake-3.28/Modules/CMakeCommonLanguageInclude.cmake"
		},
		{
			"isCMake" : true,
			"isExternal" : true,
			"path" : "C:/Users/senie/.mcuxpressotools/cmake-3.28.1-windows-x86_64/share/cmake-3.28/Modules/CMakeTestCXXCompiler.cmake"
		},
		{
			"path" : "flags.cmake"
		},
		{
			"path" : "config.cmake"
		},
		{
			"isExternal" : true,
			"path" : "C:/MCUXpresso/core/devices/MCXN947/all_lib_device.cmake"
		},
		{
			"isExternal" : true,
			"path" : "C:/MCUXpresso/core/boards/frdmmcxn947/set_board_frdmmcxn947.cmake"
		},
		{
			"isExternal" : true,
			"path" : "C:/MCUXpresso/core/devices/MCXN947/set_device_MCXN947.cmake"
		},
		{
			"isExternal" : true,
			"path" : "C:/MCUXpresso/core/boards/mcxn9xxevk/set_board_mcxn9xxevk.cmake"
		},
		{
			"isExternal" : true,
			"path" : "C:/MCUXpresso/core/CMSIS/set_CMSIS_DSP_Lib.cmake"
		},
		{
			"isExternal" : true,
			"path" : "C:/MCUXpresso/core/CMSIS/set_CMSIS.cmake"
		},
		{
			"isExternal" : true,
			"path" : "C:/MCUXpresso/core/components/osa/set_component_osa.cmake"
		},
		{
			"isExternal" : true,
			"path" : "C:/MCUXpresso/core/components/els_pkc/set_component_els_pkc.cmake"
		},
		{
			"isExternal" : true,
			"path" : "C:/MCUXpresso/core/components/psa_crypto_driver/set_component_psa_crypto_driver.cmake"
		},
		{
			"isExternal" : true,
			"path" : "C:/MCUXpresso/rtos/azure-rtos/set_middleware_azure_rtos.cmake"
		},
		{
			"isExternal" : true,
			"path" : "C:/MCUXpresso/middleware/edgefast_bluetooth/set_middleware_edgefast_bluetooth.cmake"
		},
		{
			"isExternal" : true,
			"path" : "C:/MCUXpresso/middleware/wifi_nxp/set_middleware_wifi.cmake"
		},
		{
			"isExternal" : true,
			"path" : "C:/MCUXpresso/middleware/eiq/set_middleware_eiq.cmake"
		},
		{
			"isExternal" : true,
			"path" : "C:/MCUXpresso/middleware/fatfs/set_middleware_fatfs.cmake"
		},
		{
			"isExternal" : true,
			"path" : "C:/MCUXpresso/rtos/freertos/freertos-kernel/set_middleware_freertos-kernel.cmake"
		},
		{
			"isExternal" : true,
			"path" : "C:/MCUXpresso/middleware/littlefs/set_middleware_littlefs.cmake"
		},
		{
			"isExternal" : true,
			"path" : "C:/MCUXpresso/middleware/lwip/set_middleware_lwip.cmake"
		},
		{
			"isExternal" : true,
			"path" : "C:/MCUXpresso/middleware/maestro/set_middleware_maestro_framework.cmake"
		},
		{
			"isExternal" : true,
			"path" : "C:/MCUXpresso/middleware/mbedtls/set_middleware_mbedtls.cmake"
		},
		{
			"isExternal" : true,
			"path" : "C:/MCUXpresso/middleware/mcuboot_opensource/set_middleware_mcuboot.cmake"
		},
		{
			"isExternal" : true,
			"path" : "C:/MCUXpresso/middleware/multicore/set_middleware_multicore.cmake"
		},
		{
			"isExternal" : true,
			"path" : "C:/MCUXpresso/middleware/sdmmc/set_middleware_sdmmc.cmake"
		},
		{
			"isExternal" : true,
			"path" : "C:/MCUXpresso/middleware/usb/set_middleware_usb.cmake"
		},
		{
			"isExternal" : true,
			"path" : "C:/MCUXpresso/middleware/wireless/wpa_supplicant-rtos/set_middleware_wireless_wpa_supplicant.cmake"
		}
	],
	"kind" : "cmakeFiles",
	"paths" : 
	{
		"build" : "C:/Users/senie/OneDrive - toulouse-inp.fr/Etude/S9/BEI/frdmmcxn947_pwm_backup/armgcc/debug",
		"source" : "C:/Users/senie/OneDrive - toulouse-inp.fr/Etude/S9/BEI/frdmmcxn947_pwm_backup/armgcc"
	},
	"version" : 
	{
		"major" : 1,
		"minor" : 0
	}
}
