{
  "version": 7,
  "cmakeMinimumRequired": {
    "major": 3
  },
  "configurePresets": [
    {
      "name": "debug",
      "displayName": "debug",
      "generator": "Ninja",
      "binaryDir": "${sourceDir}/${presetName}",
      "toolchainFile": "$env{SdkRootDirPath}/core/tools/cmake_toolchain_files/armgcc.cmake",
      "inherits": "debug-env",
      "cacheVariables": {
        "POSTPROCESS_UTILITY": "$env{POSTPROCESS_UTILITY}",
        "LIBRARY_TYPE": "NEWLIB",
        "LANGUAGE": "C",
        "DEBUG_CONSOLE": "UART",
        "CMAKE_BUILD_TYPE": "debug",
        "SdkRootDirPath": "$env{SdkRootDirPath}"
      }
    },
    {
      "name": "release",
      "displayName": "release",
      "generator": "Ninja",
      "binaryDir": "${sourceDir}/${presetName}",
      "toolchainFile": "$env{SdkRootDirPath}/core/tools/cmake_toolchain_files/armgcc.cmake",
      "inherits": "release-env",
      "cacheVariables": {
        "POSTPROCESS_UTILITY": "$env{POSTPROCESS_UTILITY}",
        "LIBRARY_TYPE": "NEWLIB",
        "LANGUAGE": "C",
        "DEBUG_CONSOLE": "UART",
        "CMAKE_BUILD_TYPE": "release",
        "SdkRootDirPath": "$env{SdkRootDirPath}"
      }
    }
  ],
  "buildPresets": [
    {
      "name": "debug",
      "displayName": "debug",
      "configurePreset": "debug"
    },
    {
      "name": "release",
      "displayName": "release",
      "configurePreset": "release"
    }
  ],
  "include": [
    "mcux_include.json"
  ]
}