{
	"configurations" : 
	[
		{
			"directories" : 
			[
				{
					"build" : ".",
					"jsonFile" : "directory-.-debug-d0094a50bb2071803777.json",
					"minimumCMakeVersion" : 
					{
						"string" : "3.10.0"
					},
					"projectIndex" : 0,
					"source" : ".",
					"targetIndexes" : 
					[
						0
					]
				}
			],
			"name" : "debug",
			"projects" : 
			[
				{
					"directoryIndexes" : 
					[
						0
					],
					"name" : "pwm",
					"targetIndexes" : 
					[
						0
					]
				}
			],
			"targets" : 
			[
				{
					"directoryIndex" : 0,
					"id" : "pwm.elf::@6890427a1f51a3e7e1df",
					"jsonFile" : "target-pwm.elf-debug-df3255665ad870c65f78.json",
					"name" : "pwm.elf",
					"projectIndex" : 0
				}
			]
		}
	],
	"kind" : "codemodel",
	"paths" : 
	{
		"build" : "C:/Users/senie/OneDrive - toulouse-inp.fr/Etude/S9/BEI/frdmmcxn947_pwm_backup/armgcc/debug",
		"source" : "C:/Users/senie/OneDrive - toulouse-inp.fr/Etude/S9/BEI/frdmmcxn947_pwm_backup/armgcc"
	},
	"version" : 
	{
		"major" : 2,
		"minor" : 6
	}
}
